Nama Makanan,Umur,Status Gizi,Bahan-bahan,Cara Membuat,Nilai Gizi per Resep,Catatan,Nama Gambar,Nama Gambar Fix
Bubur Singkong Kukuruyuk Saus Jeruk,6-8 Bulan,Normal,"60 gr singkong putih; rebus dan haluskan 20 gr (2 sdm datar); daging ikan kembung, cincang halus 10 gr; daging ayam 5 gr (1 sdt); minyak kelapa 100 cc (1/2 gelas belimbing); kaldu ayam 10 gr (1 sdm); sari jeruk manis (perasan jeruk) 20 gr; bayam segar, potong halus;","2,3; Kaldu, Bubur; bahan yang bisa digunakan tulang ayam/ceker ayam/kepala dan tulang ikan/potongan wortel, daun bawang, seledri, bawang Bombay/kulit udang; tambahkan air secukupnya, didihkan; setelah mendidih, api dikecilkan dan biarkan (+-) 1-2 jam; rebus air kaldu, masukkan singkong putih, daging ikan, daging ayam dan minyak kelapa, aduk-aduk hingga setengah matang; masukkan daun bayam, aduk hingga matang. Jika airnya mengental dapat ditambahkan air matang; angkat, lalu saring halus atau diblender. Sebelum disajikan tambahkan saus jeruk;","energi;187kkal;Karbo;6 gr;protein;7,9 gr;Lemak;7,8 gr;",untuk memenuhi kebutuhan dalam sehari perlu ditambahkan 1-2 kali selingan,bubur_singkong_kukuruyuk_saus_jeruk.png,menu_bubur_singkong_kukuruyuk_saus_jeruk.png
Bubur Ikan Jagung,6-8 Bulan,Normal,"15 gr (1 1/2 sdm) tepung jagung; 10 gr (1 sdm) ikan, haluskan; 5 gr (1 sdt) tempe, haluskan; 25 gr pisang kepok, potong kecil; 20 gr daun kangkung, iris tipis; 1 sdt minyak kelapa; air matang secukupnya;","ikan, tempe, pisang, rebus hingga matang; sesaat akan matang, masukkan daun kangkung, angkat lalu saring; cairkan tepung jagung dengan sedikit air, lalu masak dengan air dan tambahkan minyak; setelah matang dan kental, masukkan hasil saringan nomor 2, aduk hingga rata, siap dihidangkan;","Energi;190,6 kkal;Karbo;6 gr;Protein;7,5 gr;Lemak;6,8 gr",untuk memenuhi kebutuhan dalam sehari perlu ditambahkan 1-2 kali selingan,bubur_ikan_jagung.png,menu_bubur_ikan_jagung.png
Bubur Hati Ayam dan Wortel,6-8 Bulan,Lebih,nasi 50 gram; hati Ayam 30 gram; tahu 15 gram; wortel parut 1 SDM; minyak goreng 1 sdt; bawang putih 1 siung; bawang merah 1 siung; daun salam 1 lembar;,tuangkan minyak tunggu sampe panas; masukan bawang putih dan bawang merah yang sudah di haluskan; masukan daun salam tumis sampe matang; masukan Hati ayam yang sudah diparut; masukan air secukupnya; masukan nasi; masukan wortel yg sudah diparut tambahkan garam seckupnya; tunggu sampe matang; setelah matang angkat lalu saring sesuai tekstur;,"Energi;195,6 kkal;Karbo;7 gr;Protein;9,9 gr;Lemak;10,5 gr",Satu resep menghasilkan 2 porsi; Untuk memenuhi kebutuhan dalam sehari perlu ditambahkan 1-2 kali selingan;,bubur_hati_ayam_dan_wortel.png,menu_bubur_hati_ayam_dan_wortel.png
Bubur Susu Labu Kuning,6-8 Bulan,Normal,"100 gram labu kuning, kukus haluskan; 1/2 sdm tepung beras; 1 sdm susu formula lanjutan sesuai usia, larutkan dengan 60 ml air matang;","larutkan tepung beras dengan air, aduk rata. Masak dengan air mendidih dan kental; masukkan labu kuning, didihkan kembali. Angkat, kemudian tuang larutan susu formula, aduk rata; tuang kedalam mangkok saji, dan bubur susu labu kuning siap disajikan;","Energi;137,4 kkal;Karbo;6 gr;Protein;4,7 gr;Lemak;3,5 gr;",untuk memenuhi kebutuhan dalam sehari perlu ditambahkan 1-2 kali selingan,bubur_susu_labu_kuning.jpg,menu_bubur_susu_labu_kuning.jpg
Bubur Susu Daun Bayam,6-8 Bulan,Normal,"20 gr bayam, bersihkan; 15 gr susu formula lanjutan sesuai usia; 15 gr tepung beras; 100 ml air;","kukus bayam yang sudah di bersihkan tadi. Kemudian kukus higga matang. Lalu blender dan ambil sarinya. Sisihkan; masak tepung beras dengan air hingga mengental dengan api kecil. Aduk rata. Angkat. Sisihkan; campur sari bayam dengan bubur tepung. Kemudian tambahkan susu, kemudian aduk rata. Hidangkan hangat;","Energi;131,1 kkal;Karbo;6 gr;Protein;5 gr;Lemak;3 gr;",untuk memenuhi kebutuhan dalam sehari perlu ditambahkan 1-2 kali selingan,bubur_susu_daun_bayam.png,menu_bubur_susu_daun_bayam.png
Nasi Tim Ikan Telur Puyuh Wortel,9-11 Bulan,Lebih,"25 gr beras; 20 gr ikan segar, haluskan; 1 butir telur puyuh; 15 gr wortel; 10 gr tomat; 5 gr (1 sdt) minyak kelapa; 5 cc (1/3 gelas belimbing) kaldu; 50 gr pepaya, haluskan;","masukkan beras, ikan, telur puyuh, minyak kelapa ke dalam mangkok tim; tambahkan air kaldu, tim hingga matang; masukkan kangkung dan tomat, tim hingga matang; angkat, sajikan dengan saos pepaya;","Energi;202,7 kkal;Karbo;9,2 gr;Protein;7,5 gr;Lemak;7,3 gr;",untuk memenuhi kebutuhan dalam sehari perlu ditambahkan 1-2 kali selingan,nasi_tim_ikan_telur_puyuh_wortel.jpg,menu_nasi_tim_ikan_telur_puyuh_wortel.jpg
Nasi Tim Ayam Lele Cincang + Sari Jeruk,9-11 Bulan,Normal,20 gr beras; 15 gr (1.5 sdm) daging ayam cincang; 10 gr (1 sdm) daging ikan lele; 10 g r(1 sdm) wortel; 5 ml (1 sdt) minyak goreng; 1 buah kecil (50 g) jeruk; 1.5 sdm bawang bombay (iris halus); 1 siung bawang merah dihaluskan; 1 siung bawang putih dihaluskan;,"umis bumbu halus sampai harum dan masukkan irisan bawang bombay hingga layu;  tambahkan daging ayam gilling,  daging lele dan irisan wortel dan air secukupnya, serta aduk rata hingga warna daging ayam cincang berubah dan wortel matang dan tambahkan garam secukupnya; masak hingga kuah agak mengental dan matang. (jangan lupa koreksi rasa) Masukan tumis ke dalam wadah tahan panas kemudian diatas masukan nasi; sajikan bersama buah jeruk;","Energi;199,6 kkal;Karbo;8,1 gr;Protein;7,6 gr;Lemak;8,3 gr;",untuk memenuhi kebutuhan dalam sehari perlu ditambahkan 1-2 kali selingan,nasi_tim_ayam_lele_cincang_sari_jeruk.png,menu_nasi_tim_ayam_lele_cincang_sari_jeruk.png
Nasi Tim Ikan Telur  Sayuran,9-11 Bulan,Normal,"50 gr (5 sdm) nasi; 20 gr (2 butir) telur puyuh, kocok;  7,5 gr (1 sdm) ikan kembung; 10 gr (1 sdm) sawi hijau, iris; 20 gr (2 sdm) tomat, cincang; 300 ml kaldu ayam; 2,5 ml (1 sdt) minyak kelapa;","masak kaldu, nasi, minyak kelapa, dan ikan kembung hingga lunak dan menjadi bubur; masukkan sawi dan tomat. Masak hingga matang dan lunak; masukkan telur yang sudah dikocok, aduk perlahan hingga rata dan matang. Angkat dan sajikan;","Energi;186,3 kkal;Karbo;8,1 gr;Protein;7,8 gr;Lemak;6,5 gr;",untuk memenuhi kebutuhan dalam sehari perlu ditambahkan 1-2 kali selingan,nasi_tim_ikan_telur_sayuran.png,menu_nasi_tim_ikan_telur_sayuran.png
Nasi Tim Salmon,9-11 Bulan,Normal,25 gram beras putih;  500 ml air putih; 30 gram daging ikan salmon tanpa tulang (fillet); 50 gram tomat potong kecil-kecil; 1 sendok teh mentega;,"siapkan panci kemudian beras direbus sampai matang; masukkan daging ikan salmon hingga mendidih dan menjadi bubur; tambahkan tomat kemudian aduk-aduk; tambahkan mentega lalu aduk hingga bubur mengental, kemudian sisihkan;","Energi;186,3 kkal;Karbo;8,3 gr;Protein;8,5 gr;Lemak;7,2 gr;",untuk memenuhi kebutuhan dalam sehari perlu ditambahkan 1-2 kali selingan,nasi_tim_salmon.jpg,menu_nasi_tim_salmon.jpg
Nasi Tim Hati Ayam,9-11 Bulan,Normal,30 gram Bayam Merah; 2 sendok makan Beras Merah; 1 buah Hati Ayam; 750 ml Kaldu Ayam; 1 buah Tahu Putih;,"pertama cuci bersih beras merah; kemudian potong dadu hati ayam; selanjutnya potong dadu tahu putih; kemudian cuci bersih bayam merah dan iris halus; lalu campur beras merah, kaldu kaki ayam, hati ayam, dan tahu. rebus sambil diaduk-aduk hingga matang; masukkan bayam, didihkan sebentar; dinginkan, kemudian hidangkan;","Energi;147,31kkal;Karbo;8,1 gr;Protein;11,6 gr;Lemak;4,1 gr;",untuk memenuhi kebutuhan dalam sehari perlu ditambahkan 1-2 kali selingan,nasi_tim_hati_ayam.jpg,menu_nasi_tim_hati_ayam.jpg
Tim Ikan Menado,12-23 Bulan,Lebih,"60 gr jagung muda pipil, tumbuk kasar; 60 labu kuning, potong dadu; 30 ikan segar, cincang; 10 gr (1 sdm) telur ayam; 15 gr daun kangkung, iris tipis; 10 gr tomat, buang kulit; 50 pisang ambon, potong tipis; 5 gr (1 sdt) minyak kelapa; 100 cc (1/3 gelas belimbing) kaldu ayam;","letakkan jagung muda pipil, labu kuning, ikan segar, telur ayam pada mangkok tim; tambahkan air kaldu, tim hingga matang; masukkan pisang ambon, daun kangkung, tomat, minyak kelapa, tim hingga matang; angkat, siap dihidangkan;","Energi;234,3 kkal;Karbo;12,4 gr;Protein;10,7 gr;Lemak;8,5 gr;",untuk memenuhi kebutuhan dalam sehari perlu ditambahkan 1-2 kali selingan,tim_ikan_menado.jpg,menu_tim_ikan_menado.jpg
Soto Lamongan + Jeruk,12-23 Bulan,Lebih,50 gr Nasi;  25 gr (2.5 sdm) daging ayam cincang; 10 gr (1 sdm) soun; 1 butir telur puyuh; 1 sdm wortel; 1/2 sdt minyak goreng; 1 buah  (50 g) jeruk; 1  lembar daun salam; 1 batang serai;  1 lembar daun jeruk; 1/2 cm lengkuas; 1500 air untuk merebus; garam secukupnya; merica secukupnya; 1 butir kemiri; 1 siung bawang merah; 1 sing bawang merah; 1/2 cm jahe; 1/2 cm kunyit; 1/4 sdt jinten; 1/2 sdt ketumbar; 1/2 sdt irisan daun bawang; 1/2 sdt irisan seledri; 1/2 sdt irisan bawang goreng;,"rebus ayam hingga setengah matang, ditambahkan serai geprek, daun salam, daun jeruk, dan lengkuas yg digeprek; tumis bumbu hingga harum dan matang, lalu masukan ke dalam rebusan ayam; tambahkan garam, dan merica. Masak hingga ayam matang dan empuk, (jangan lupa koreksi rasa); daging ayam bisa diangkat dan di suir-suir; siapkan mangkuk berikan soun yang sudah direndam, irisan wortel rebus, suiran daging ayam, serta telur rebus; tambahkan kuah soto ayam, jangan lupa taburkan daun bawang, seledri, dan bawang goreng; sajikan dengan nasi hangat dan lengkapi dengan buah;","Energi;268,5 kkal;Karbo;11 gr;Protein;10,5 gr;Lemak;8,9 gr;",untuk memenuhi kebutuhan dalam sehari perlu ditambahkan 1-2 kali selingan,soto_lamongan_jeruk.jpg,menu_soto_lamongan_jeruk.jpg
Sup Ikan Air Tawar Labu Kuning,12-23 Bulan,Normal,"70 gr  kentang, potong dadu; 70 gr labu kuning, potong dadu; 25 gr ikan mujair, suwir; 10 gr (1 butir) telur puyuh, kocok; 5 gr (1 sdt) kacang merah; 25 gr tomat, potong dadu; 1 batang bawang daun; 5 gr bawang goreng; 5 ml Minyak; 300 mL kaldu ayam; garam secukupnya;","rebus kaldu ikan hingga mendidih, masukkan minyak, kentang, kacang merah, dan labu kuning hingga setengah matang; masukkan ikan yang telah disuwir, masak hingga matang; masukkan tomat, bawang daun, bawang goreng, dan telur, aduk perlahan; masukkan garam, aduk rata. Angkat dan sajikan;","Energi;230,1 kkal;Karbo;10 gr;Protein;10,8 gr;Lemak;9 gr;",untuk memenuhi kebutuhan dalam sehari perlu ditambahkan 1-2 kali selingan,sup_ikan_air_tawar_labu_kuning.jpg,menu_sup_ikan_air_tawar_labu_kuning.jpg
Nugget Sayuran,12-23 Bulan,Normal,"150 gr ubi jalar merah rebus, haluskan; 50 gr (1 butir) telur ayam, kocok; 30 gr daging ayam; 1 cangkir bayam, cincang kasar; 20 gr (2 sdm) wortel, parut kasar; 3 siung bawang putih, cincang; garam secukupnya; minyak untuk menggoreng;","campur bayam, wortel, ubi, telur, daging ayam, bawang putih dan garam hingga rata; ambil 1 sendok makan bahan. Bentuk bulat pipih menggunakan tangan. Lakukan langkah serupa pada sisa bahan; ambil 1 buah nugget, celupkan ke dalam kocokan telur. Masukkan pada wajan berisi minyak panas. Goreng nugget hingga berubah warna dan matang. Angkat dan tiriskan; lakukan langkah serupa pada sisa bahan. Sajikan selagi hangat;","Energi;270,5 kkal;Karbo;10,5 gr;Protein;10,6 gr;Lemak;15,7gr;","Satu resep menghasilkan 2 porsi; makanan selingan ini dapat dijadikan makanan utama dengan menambahkan protein seperti ayam, ikan, tahu, tempe, dan kacang lainnya; porsi dan tekstur makanan disesuaikan dengan usia anak;",nugget_sayuran.jpg,menu_nugget_sayuran.jpg
Nasi Ayam Katsu,12-23 Bulan,Normal,200 gr nasi; 100 gr daging ayam fillet; 20 gr wortel; 20 gr buncis; 1/2 butir telur kocok; 1 jeruk nipis; tepung panir secukupnya; garam secukupnya; merica secukupnya; minyak secukupnya;,"rebus wortel dan buncis dengan sedikit garam hingga matang; lumuri daging ayam dengan jeruk nipis, garam, dan merica; celupkan ayam ke dalam telur, lalu gulingkan ke dalam tepung panir hingga seluruh permukaan tertutup rapat; goreng dengan minyak hingga matang; sajikan dengan wortel, buncis, dan nasi;","Energi;186, kkal;Karbo;10,8 gr;Protein;7,9 gr;Lemak;8,3 gr;",untuk memenuhi kebutuhan dalam sehari perlu ditambahkan 1-2 kali selingan,nasi_ayam_katsu.jpg,menu_nasi_ayam_katsu.jpg
"Nasi Ayam Katsu, Tumis Sayuran, Nano-nano + Melon",24-59 Bulan,Lebih,"2,8; Ayam Katsu, Tumis Sayuran; 225 gr Nasi Putih; 75 gr Ayam Fillet; 10 sdm tepung terigu; 10 gr tepung jagung; 50 gr tepung roti; 1/2 butir telur ayam; garam dan merica secukupnya; air secukupnya; 30 gr wortel; 30 gr buncis; 30 gr jagung pipil kuning; 30 gr bawang bombay; 30 gr bawang putih garam dan gula secukupnya; 3 potong buah melon (pelengkap);","2,5; Ayam Katsu, Tumis Sayuran; potong tipis fillet ayam menjadi 3 bagian; pipihkan dan lumuri dengan garam dan merica, lalu diamkan sekitar 15 menit; campurkan tepung terigu, tepung jagung, telur, garam, dan merica kemudain tambahkan sedikit air; gulingkan potongan ayam kedalam larutan tepung tadi, kemudian gulingkan kedalam tepung roti. Lakukan sampai ayam habis; sebaiknya disimpan dulu dalam lemari es atau bisa langsung digoreng dalam minyak yang cukup sampai kuning keemasan. Sisihkan; tumis irisan bawang bombay dan bawang putih yang sudah di geprek sampai harum; tambahkan air sedikit, masukkan wortel yang sudah diiris dan jagung pipilnya, tunggu sampai setengah matang, lalu masukakan buncis; tambahkan garam, dan gula secukupnya; aduk rata sampai semua sayuran matang, jangan lupa koreksi rasa; sajikan sayuran ini bersama ayam katsu dan nasi hangat dan buah;","Energi;403,3 kkal;Karbo;24 gr;Protein;12,0 gr;Lemak;17,7gr;",Satu resep menghasilkan 3 porsi; Untuk memenuhi kebutuhan dalam sehari perlu ditambahkan 1-2 kali selingan;,nasi_ayam_katsu_tumis_sayuran_nano_nano_melon.png,menu_nasi_ayam_katsu_tumis_sayuran_nano_nano_melon.png
"Nasi Bakar, Ikan Tongkol + Pepaya",24-59 Bulan,Normal,330 gr Nasi Putih; 90 gr Ikan Tongkol Kukus; 15 gr Bayam; 45 gr Tahu (dihancurkan); 70 ml Santan; 1/2 cm jahe (digeprek); 1/2 cm  lengkuas (digeprek); 3 batang serai; 3 lembar daun salam; 1 ikat daun kemangi; garam dan gula secukupnya; 2 siung bawang merah; 2 siung bawang putih; 2 butir kemiri; daun pisang untuk membungkus; minyak untuk menumis;,"tumis bumbu halus, masukan salam, serai, lengkuas dan aduk hingga harum dan matang; masukkan ikan tongkol kukus suir, santan, dan aduk hingga tercampur rata; masukkan, irisan daun bayam, gula dan garam secukupnya, masak hingga matang dan koreksi rasa; bagi nasi menjadi 3 bagian. Bungkus dengan daun pisang, tambahkan tumisan ikan tongkol ditengahnya dan kemangi; bakar bungkusan nasi tersebut sampai daun pisang mengering (bisa juga di kukus); sajikan selagi hangat;","Energi;270,5 kkal;Karbo;14 gr;Protein;10,6 gr;Lemak;15,7gr;",satu resep menghasilkan 2 porsi; untuk memenuhi kebutuhan dalam sehari perlu ditambahkan 1-2 kali selingan;,nasi_bakar_ikan_tongkol_pepaya.jpg,menu_nasi_bakar_ikan_tongkol_pepaya.jpg
Pepes Tahu,24-59 Bulan,Normal,"300 gr tahu putih, haluskan; 100 gr wortel, parut; 2 siung bawang putih iris; 3 siung bawang merah iris; 10 gr daging ayam; 50 gr (1 butir) telur ayam; 15 gr kerupuk aci; 10 gr daun bawang; 5 gr margarin; 15 gr (1 sdm) tepung tapioka; beberapa helai daun pisang yang sudah dibersihkan;","tumis bawang hingga harum; masukkan daging ayam dan masak hingga berubah warna. Sisihkan; campurkan potongan tahu putih yang telah dihaluskan, wortel yang telah di parut, kerupuk aci yang telah direndam dan kocokan telur. Aduk hingga merata; siapkan daun pisang, ambil 2 sendok makan campuran tahu dan wortel, bungkus Kukus hingga matang. Sajikan;","Energi;304,7 kkal;Karbo;18 gr;Protein;17,9 gr;Lemak;17,0 gr;","satu resep menghasilkan 2 porsi; makanan selingan ini dapat dijadikan makanan utama dengan menambahkan nasi/bubur serta protein hewani seperti ayam, ikan, telur, dll; orsi dan tekstur makanan disesuaikan dengan usia anak;",pepes_tahu.jpg,menu_pepes_tahu.jpg
Omelet Mie Ceria,24-59 Bulan,Lebih,"50 gr daging ayam giling; 100 gr (2 butir) telur ayam; 40 gr sawi hijau, iris tipis; 50 gr tauge; 10 gr (1 btg) daun bawang, iris tipis; 7,5 mL (1 1/2 sdt) kecap asin; 3 gr (1/2 sdt) merica; 50 gr wortel; 20 mL (2 sdm) minyak; 40 gr Mie kering;",di dalam mangkung aduk rata semua bahan (kecuali minyak); panaskan minyak di dalam wajan anti lengket di atas api sedang; masak telur dalam 2 bagian. masak hingga matang di kedua sisinya. Angkat dan potong sesuai selera. Sajikan selagi hangat;,"Energi;335,9 kkal;Karbo;17,4 gr;Protein;15,9 gr;Lemak;21,7 gr;","satu resep menghasilkan 2 porsi; makanan selingan ini dapat dijadikan makanan utama dengan menambahkan nasi/bubur serta protein hewani seperti ayam, ikan, telur, dll; orsi dan tekstur makanan disesuaikan dengan usia anak;",omelet_mie_ceria.jpg,menu_omelet_mie_ceria.jpg
Roti Goreng isi Ragout Ayam Sayuran,24-59 Bulan,Normal,"1 sdt garam; 1/2 sdm seledri, cincang halus; 300 ml susu cair 10 buah roti tawar, potong menjadi 4 bentuk segitiga; 1/2 buah bawang bombay, cincang halus; 1 sdt gula pasir; 7.5 gr margarin; 160 gr daging ayam rebus; 60 gr wortel, cincang; 30 gr buncis, potong kecil-kecil; 3 sdm tepung terigu; 1 butir telur ayam; secukupnya tepung panir;","tumis bawang bombay sampai harum, tambahkan tepung terigu, aduk sampai bergumpal; masukkan susu cair sedikit demi sedikit sambil diaduk, lalu tambahkan wortel, ayam, garam, gula, seledri, aduk sampai rata dan mengental. Ragout ayam dan sayur sudah jadi; olesi roti tawar dengan ssu cair sampai agak basah kedua sisinya; letakkan isian rogout ayam dan sayur di aras satu roti tawar, lalu tutup dengan roti tawar lain (seperti sanwich atau gabin), sambil ditekantekan supaya menempel; celupkan semua sisi roti dalam kocokan telur dan glingkan ke tepung panir; goreng sampai kuning kecoklatan; angkat dan tiriskan Roti goreng isi rogout ayam dan sayur siap disajikan;","Energi;319,2 kkal;Karbo;16,2 gr;Protein;16,8 gr;Lemak;12,0gr;",satu resep menghasilkan 5 porsi; untuk memenuhi kebutuhan dalam sehari perlu ditambahkan 1-2 kali selingan;,roti_goreng_isi_ragout_ayam_sayuran.jpg,menu_roti_goreng_isi_ragout_ayam_sayuran.jpg
Bubur Patin,6-8 Bulan,Kurang,"2,11; Bahan, Bahan Halus; 60 gram nasi; 30 gram hati ayam, cincang halus; 30 gram ikan patin, cincang halus; 10 gram tomat, potong kecil-kecil; 7,5 ml minyak jagung; 1/2 iris bawang bombai; 1/2 cm jahe; 1 lembar daun salam; 1 lembardaun jeruk; seledri, Jeruk nipis dan Garam secukupnya; air secukupnya; 1/2 siung bawang putih; 1/2 siung bawang merah;","lumuri ikan patin dan hati ayam dengan jeruk nipis dan garam, diamkan 15 menit; campur ikan patin dan hati ayam dengan bumbu halus, tambahkan tomat, bawang bombai, jahe, seledri, daun salam, dan daun jeruk, tambahkan minyak jagung; kukus hingga matang; ketika akan dicampur dengan nasi, ambil daun salam dan daun jeruknya. Lalu saring hingga teksturnya sesuai yang diinginkan;","Energi;74 kkal;Karbo;6 gr;Protein;4 gr;Lemak;3,2 gr;",satu resep menghasilkan 3 porsi; berikan secara bertahap dan sesuaikan dengan kebutuhan hariannya; untuk memenuhi kebutuhan dalam sehari perlu ditambahkan 1-2 kali selingan;,bubur_patin.png,menu_bubur_patin.png
Bubur Daging Sapi,6-8 Bulan,Buruk,"2,5; Bahan, Bahan Halus; 60 gram nasi; 50 gram daging sapi giling; 15 gram bayam, rebus matang, iris kecil; 7,5 ml minyak kelapa; garam secukupnya; 1 siung bawang merah; 1 siung bawang putih;","kukus daging sapi giling yang sudah dicampur bumbu halus didalam wadah tahan panas hingga matang; tambahkan bayam; masukkan minyak kelapa dan garam secukupnya; tambahkan nasi, lalu saring hingga teksturnya sesuai yang diinginkan;","Energi;80 kkal;Karbo;6 gr;Protein;6 gr;Lemak;4,3 gr;",satu resep menghasilkan 3 porsi; berikan secara bertahap dan sesuaikan dengan kebutuhan hariannya; untuk memenuhi kebutuhan dalam sehari perlu ditambahkan 1-2 kali selingan;,bubur_daging_sapi.png,menu_bubur_daging_sapi.png
Bubur Hati dan Ayam,6-8 Bulan,Buruk,"2,9; Bahan, Bahan Halus; 30 gram beras; 30 gram dada ayam giling; 30 gram hati ayam, cincang halus; 10 gram brokoli, potong kecil-kecil; 60 ml kaldu ayam; 120 ml air; 15 gram tahu, potong kecil-kecil; 7,5 ml minyak kanola, untuk menumis; garam secukupnya; 1 siung bawang putih; 1 siung bawang merah; 1 ruas jahe;","masak beras dengan air dan kaldu ayam sampai menjadi bubur; masukkan brokoli; tumis bumbu halus hingga harum; tambahkan hati dan dada ayam, aduk hingga berubah warna, lalu masukkan tahu; tambahkan tumisan hati, dada ayam, dan tahu ke dalam bubur, lalu beri garam secukupnya Masak hingga matang;","Energi;86 kkal;Karbo;7,8 gr;Protein;6 gr;Lemak;3,5 gr;",satu resep menghasilkan 3 porsi; berikan secara bertahap dan sesuaikan dengan kebutuhan hariannya; untuk memenuhi kebutuhan dalam sehari perlu ditambahkan 1-2 kali selingan;,bubur_hati_dan_ayam.jpg,menu_bubur_hati_dan_ayam.jpg
Bubur Tenggiri,6-8 Bulan,Kurang,"2,6; Bahan, Bahan Halus; 30 gram beras, kukus setengah matang; 45 gram ikan tenggiri, cincang halus; 15 gram buncis, potong kecil-kecil; 150 ml kaldu ayam; 7,5 ml minyak kelapa sawit, untuk menumis; garam secukupnya; 1 siung bawang putih; 1 siung bawang merah;","tumis bumbu halussampai harum; masukkan daging ikan tenggiri dan buncis, aduk sampai matang, lalu haluskan; didihkan air kaldu, masukkan beras, adukberas hingga menjadi bubur kasar; masukkan tumisan ikan dan garam secukupnya, aduk hingga semua bahan matang;","Energi;77 kkal;Karbo;6 gr;Protein;4,5 gr;Lemak;3,8 gr;",satu resep menghasilkan 3 porsi; berikan secara bertahap dan sesuaikan dengan kebutuhan hariannya; untuk memenuhi kebutuhan dalam sehari perlu ditambahkan 1-2 kali selingan;,bubur_tenggiri.jpg,menu_bubur_tenggiri.jpg
Bubur Ayam Mentega,6-8 Bulan,Buruk,"2,7; Bahan, Bahan Halus; 30 gram beras; 30 gram daging ayam giling; 1 butir telur; 1 1/2 sdm wortel parut; 300 ml air kaldu; 1 1/2 sdm mentega, untuk menumis; garam secukupnya; 1 siung bawang putih; 1 siung bawang merah;","tumis bumbu halus dengan mentega hingga harum; masukkan daging ayam giling, aduk sampai berubah warna; masukkan beras dan air kaldu ke dalam panci, tambahkan tumisan ayam, wortel parut, dan garam secukupnya; masak sambil diaduk hingga beras menjadi bubur; masukkan telur kocok, aduk rata. Angkat bubur, lalu saring;","Energi;92 kkal;Karbo;7,9 gr;Protein;4,1 gr;Lemak;4,9 gr;",satu resep menghasilkan 3 porsi; berikan secara bertahap dan sesuaikan dengan kebutuhan hariannya; untuk memenuhi kebutuhan dalam sehari perlu ditambahkan 1-2 kali selingan;,bubur_ayam_mentega.jpg,menu_bubur_ayam_mentega.jpg
Nasi Tim Ayam Lodeh,9-11 Bulan,Buruk,"2,9; Bahan, Bahan Halus; 60 gram beras; 75 gram daging ayam giling; 150 ml santan cair; 50 ml kaldu ayam; 1 lembar daun salam; 1 utas kacang panjang, potong kecil-kecil; 1/2 sdm minyak jagung; 7,5 ml minyak kedelai/minyak jagung; gula dan garam secukupnya; 1 siung bawang putih;","tumis bumbu halus hingga harum; masukkan beras, santan, garam, gula, dan daging giling, lalu aduk rata; masak hingga santan terserap habis; masukkan dalam wadah tahan panas, tambahkan kaldu ayam, daun salam, dan kacang panjang; kukus hingga air kaldu kering, kemudian angkat dan sajikan;","Energi;130 kkal;Karbo;10,3 gr;Protein;6,9 gr;Lemak;7,8 gr;",satu resep menghasilkan 3 porsi; berikan secara bertahap dan sesuaikan dengan kebutuhan hariannya; untuk memenuhi kebutuhan dalam sehari perlu ditambahkan 1-2 kali selingan;,nasi_tim_ayam_lodeh.jpg,menu_nasi_tim_ayam_lodeh.jpg
Tim Udang Brokoli,9-11 Bulan,Kurang,"2,8; Bahan, Bahan Halus; 60 gram beras; 200 ml kaldu ayam; 1/2 sdt garam; 1/4 sdt gula pasir; 50 gram udang, cincang halus; 15 gram brokoli, potong kecil-kecil; 1 sdt minyak jagung; 5 ml minyak kelapa untuk menumis; 1 siung bawang putih; 1 siung bawang merah;","tumis udang cincang dengan bumbu halus hingga harum; masak beras dengan air kaldu, garam, dan gula, lalu aduk rata sampai matang; masukkan udang cincang, kecilkan api; tambahkan brokoli, masak hingga empuk dan udang berubah warna; tambahkan minyak jagung, aduk hingga rata; masukkan nasi ke dalam wadah tahan panas, lalu masak kembali sampai menjadi nasi tim;","Energi;104 kkal;Karbo;7,5 gr;Protein;4,7 gr;Lemak;5 gr;",satu resep menghasilkan 3 porsi; berikan secara bertahap dan sesuaikan dengan kebutuhan hariannya; untuk memenuhi kebutuhan dalam sehari perlu ditambahkan 1-2 kali selingan;,tim_udang_brokoli.jpg,menu_tim_udang_brokoli.jpg
Tim Sambal Hati Sapi,9-11 Bulan,Buruk,"2,12; Bahan, Bahan Halus; 20 gram nasi; 20 gram hati sapi; 30 ml santan cair; 20 gram kentang, potong kecil-kecil; 10 gram tomat, iris kecil-kecil; 1 lembar daun salam; 1 lembar daun jeruk; 1/2 batang sereh; 1/2 ruas lengkuas; 1/2 ruas jahe; 5 ml minyak kedelai untuk menumis; gula dan garam secukupnya; 1 siung bawang merah; 1 siung bawang putih; 1 butir kemiri;","rebus hati sapi dengan jahe sampai empuk, lalu potong kecil-kecil; tumis bumbu halus, masukkan daun salam, daun jeruk, sereh, dan lengkuas hingga harum; masukkan hati sapi, kentang, tomat, dan santan, lalu aduk merata; tambahkan gula dan garam, masak sampai airnya menyusut; masukkan nasi dan tumisan hati sapi ke dalam wadah tahan panas, kukus sekitar 15 menit. Kemudian angkat dan sajikan;","Energi;140 kkal;Karbo;12,2 gr;Protein;6,8 gr;Lemak;8 gr;",satu resep menghasilkan 3 porsi; berikan secara bertahap dan sesuaikan dengan kebutuhan hariannya; untuk memenuhi kebutuhan dalam sehari perlu ditambahkan 1-2 kali selingan;,tim_sambal_hati_sapi.jpg,menu_tim_sambal_hati_sapi.jpg
Tim Daging Sapi,9-11 Bulan,Buruk,"2,9; Bahan, Bahan Halus; 60 gram beras; 75 gram daging sapi cincang; 150 ml kaldu ayam matang; 1 1/2  sdm wortel, potong kecil-kecil; 1 sdm minyak sayur, untuk menumis; 1/2  sdt minyak wijen;  2 sdm kecap manis; 1/2 sdt merica bubuk; 1 sdt garam; 1 siung bawang putih;","tumis daging sapi cincang dengan bumbu halus hingga harum; masak beras dengan airkaldu, garam, dan gula, lalu aduk rata sampai matang; masukkan daging sapi cincang, kecilkan api; tambahkan wortel dan kecap manis, masak hingga empuk dan daging sapi berubah warna; tambahkan minyak jagung, aduk hingga rata; masukkan nasi ke dalam wadah tahan panas, lalu masak kembali sampai menjadi nasi tim;","Energi;141 kkal;Karbo;6 gr;Protein;6,8 gr;Lemak;9,9 gr;",satu resep menghasilkan 3 porsi; berikan secara bertahap dan sesuaikan dengan kebutuhan hariannya; untuk memenuhi kebutuhan dalam sehari perlu ditambahkan 1-2 kali selingan;,tim_daging_sapi.jpg,menu_tim_daging_sapi.jpg
Tim Ayam Kecap,9-11 Bulan,Kurang,"2,7; Bahan, Bahan Halus; 60 gram beras; 300 ml kaldu ayam; 100 gram daging ayam rebus, potong dadu; 1 1/2  sdm wortel parut; 2 sdm kecap manis; 1 1/2  sdm minyak jagung, untuk menumis; merica dan garam secukupnya; 1siung bawang putih; 1 siung bawang merah;","tumis bumbu halus hingga harum, masukkan potongan daging ayam rebusdan beras. Aduk hingga berwarna kekuningan; masukkan kaldu ayam, merica, wortel, kecap manis, dan garam, aduk rata; tempatkan diwadah tahan panas, lalu kukus hingga nasi matang;","Energi;128 kkal;Karbo;13,6 gr;Protein;5,8 gr;Lemak;5,4 gr;",satu resep menghasilkan 3 porsi; berikan secara bertahap dan sesuaikan dengan kebutuhan hariannya; untuk memenuhi kebutuhan dalam sehari perlu ditambahkan 1-2 kali selingan;,tim_ayam_kecap.jpg,menu_tim_ayam_kecap.jpg
Mie Tek-tek,12-23 Bulan,Buruk,"150 gram mie telur yang sudah direbus hingga lunak; 100 gram daging ayam rebus, potong kecil-kecil; 30 gram sawi, potong kasar; 1 telur mata sapi; 2 sdm kecap manis; 1 sdm kecap asin; 15 ml minyak kelapa, untuk menumis; garam dan gula secukupnya; merica dan bawang daun secukupnya, iris tipis;","tumis bumbu halus, lalu masukkan bawang daun hingga harum; masukkan mi, ayam, dan sawi; tambahkan kecap manis, kecap asin, gula, garam, dan merica secukupnya, lalu aduk hingga tercampur rata; hidangkan dengan telur mata sapi;","Energi;240 kkal;Karbo;28,4 gr;Protein;9,4 gr;Lemak;8,6 gr;",satu resep menghasilkan 3 porsi; berikan secara bertahap dan sesuaikan dengan kebutuhan hariannya; untuk memenuhi kebutuhan dalam sehari perlu ditambahkan 1-2 kali selingan;,mie_tek_tek.png,menu_mie_tek_tek.png
Nasi Goreng Udang,12-23 Bulan,Kurang,"2,8; Bahan, Bahan Halus; 150 gram nasi; 100 gram udang, buang kulitnya; 1/2 sdt tepung maizena; 1 butir telur, kocok; 30 gram kacang polong; 15 ml minyak jagung, untuk menumis; daun bawang secukupnya, iris tipis; garam secukupnya; 2 siung bawang putih; 1 siung bawang merah;","lumuri udang dengan garam dan tepung maizena, diamkan sekitar 15 menit; goreng udang hingga matang, masukkan telur dan kacang polong, lalu diorak-arik. Sisihkan; tumis bumbu halus hingga harum, masukkan daun bawang; tambahkan nasi dan garam secukupnya, aduk rata; masukkan udang, orak-arik telur, dan kacang polong, lalu aduk hingga tercampur rata;","Energi;183 kkal;Karbo;17 gr;Protein;11,2 gr;Lemak;7,6 gr;",satu resep menghasilkan 3 porsi; berikan secara bertahap dan sesuaikan dengan kebutuhan hariannya; untuk memenuhi kebutuhan dalam sehari perlu ditambahkan 1-2 kali selingan;,nasi_goreng_udang.jpeg,menu_nasi_goreng_udang.jpeg
Nasi Gurih Cah Bakso Ikan Brokoli,12-23 Bulan,Buruk,"2,4; Bahan, Bahan Tumisan; 150 gram bakso ikan, potong kecil; 1 1/2 sdm wortel potong kecil; 30 gram brokoli potong kecil; 1 sdm tepung maizena; 1/2 sdm saus tiram; 1 siung bawang putih, iris tipis; 1 buah bawang merah, iris tipis; 1 batang daun bawang, iris kasar; 2 sdm minyak kedelai, untuk menumis; merica secukupnya;","masak beras, daun salam, dan serai dengan santan hingga matang; tumis bawang putih dan bawang merah hingga harum, lalu masukkan bakso ikan, daun bawang, dan merica hingga harum; masukkan brokoli, wortel, tepung maizena, dan saus tiram. Masak hingga matang; sajikan dengan nasi gurih;","Energi;190 kkal;Karbo;19,8 gr;Protein;9,4 gr;Lemak;8,6 gr;",satu resep menghasilkan 3 porsi; berikan secara bertahap dan sesuaikan dengan kebutuhan hariannya; untuk memenuhi kebutuhan dalam sehari perlu ditambahkan 1-2 kali selingan;,nasi_gurih_cah_bakso_ikan_brokoli.png,menu_nasi_gurih_cah_bakso_ikan_brokoli.png
Nasi Ayam Jamur,12-23 Bulan,Kurang,"2,9; Bahan, Bahan Halus; 150 gram nasi; 100 gram daging ayam cincang; 1 1/2  sdm wortel, rebus hingga empuk; 15 gram brokoli, rebus hingga empuk; 15 gram jamur merang, iris tipis; 1 1/2  sdm kecap manis; 1 sdm kecap asin; 10 ml minyak jagung, untuk menumis; garam secukupnya; 2 siung bawang putih; 1 siung bawang merah;","tumis bumbu halus hingga harum, lalu masukkan daging ayam cincang dan jamur; tambahkan garam, kecap asin, dan kecap manis, masak hingga matang; sajikan bersama nasi, wortel, dan brokoli;","Energi;180 kkal;Karbo;20,4 gr;Protein;7,1 gr;Lemak;7,5 gr;",satu resep menghasilkan 3 porsi; berikan secara bertahap dan sesuaikan dengan kebutuhan hariannya; untuk memenuhi kebutuhan dalam sehari perlu ditambahkan 1-2 kali selingan;,nasi_ayam_jamur.jpg,menu_nasi_ayam_jamur.jpg
Sup Ayam,12-23 Bulan,Buruk,"150 gram nasi; 100 gram dada ayam rebus, suwir; 750 ml kaldu ayam; 30 gram jagung manis pipil; 1/2 batang wortel, potong kotak; 1 batang daun bawang, potong kecil; 1/4 tomat, potong kecil; 2 sdm margarin; garam dan Merica secukupnya; pala dan seledri secukupnya;","rebus kaldu ayam dengan wortel, jagung manis, seledri, dan daun bawang hingga harum; masukkan dada ayam suwir, garam, merica, dan pala secukupnya, masak hingga mendidih; masukkan tomat, masak hingga layu; sajikan dengan nasi dan mentega yang dilelehkan di atas nasi;","Energi;210 kkal;Karbo;24,2 gr;Protein;10,1 gr;Lemak;8,2 gr;",satu resep menghasilkan 3 porsi; berikan secara bertahap dan sesuaikan dengan kebutuhan hariannya; untuk memenuhi kebutuhan dalam sehari perlu ditambahkan 1-2 kali selingan;,sup_ayam.jpg,menu_sup_ayam.jpg
Nasi Bakar Tuna,24-59 Bulan,Buruk,"2,10; Bahan, Bahan Halus; 200 gram nasi; 100 gram ikan tuna rebus, suwir kecil-kecil; 15 gram bayam, rebus matang; 1/2 ruasjahe, memarkan; 1/2 ruas lengkuas, memarkan; 1 batang serai; 1 lembardaun salam; 15 ml minyak kelapa, untuk menumis; garam secukupnya; daun pisang  dan Kemangi secukupnya; 3 siung bawang putih; 4 buah bawang merah; 1 butir kemiri;","tumis bumbu halus, lalu masukkan jahe, lengkuas, serai, dan daun salam, hingga harum; masukkan ikan tuna suw?r, tuang airsecukupnya, lalu adukhingga tercampur rata; masukkan daun bayam dan garam secukupnya; bungkus nasi dengan daun pisang dan letakkan tumisan tuna diatasnya. Tambahkan kemangi; bakar nasi bungkus hingga daun pisang kering;","Energi;170 kkal;Karbo;18,7 gr;Protein;11,2 gr;Lemak;5,1 gr;",satu resep menghasilkan 3 porsi; berikan secara bertahap dan sesuaikan dengan kebutuhan hariannya; untuk memenuhi kebutuhan dalam sehari perlu ditambahkan 1-2 kali selingan;,nasi_bakar_tuna.jpg,menu_nasi_bakar_tuna.jpg
Nasi Pepes Udang,24-59 Bulan,Kurang,"2,10; Bahan, Bahan Halus; 150 gram nasi; 75 gram udang, cincang halus; 200 gram tahu putih, haluskan; 1 butir telur ayam, kocok lepas; 1 batang serai; 2 lembar daun salam; 1 lembar daun jeruk; 10 ml minyak kedelai, untuk menumis; kemangi secukupnya; garam, gula, dan merica secukupnya; 2 siung bawang putih; 3 buah bawang merah; 1 cm kunyit; 1 butir kemiri;","tumis bumbu halus bersama daunjeruk, daun salam, dan serai hingga harum; campur tumisan bumbu ke dalam adonan tahu halus, lalu masukkan udang giling, telur, dan kemangi; tambahkan gula, garam, dan merica; bagi adonan menjadi 3, lalu bungkus tiap adonan dengan daun pisang; kukus sekitar 25 menit; sajikan bersama nasi;","Energi;180 kkal;Karbo;15,7 gr;Protein;14 gr;Lemak;8,7 gr;",satu resep menghasilkan 3 porsi; berikan secara bertahap dan sesuaikan dengan kebutuhan hariannya; untuk memenuhi kebutuhan dalam sehari perlu ditambahkan 1-2 kali selingan;,nasi_pepes_udang.png,menu_nasi_pepes_udang.png
Nasi Telur Daging Kukus,24-59 Bulan,Kurang,"2,9; Bahan, Bahan Halus; 150 gram nasi; 90 gram daging sapi cincang; 1 sdm wortel, parut; 1 butir telur, kocok lepas; 1/2 sdt kecap asin; 1/2 sdt minyak wijen; 50 ml air; 10 ml minyak canola; garam secukupnya; 1 siung bawang putih; 1 buah bawang merah;","campur semua bahan (kecuali nasi) dan bumbu halus hingga rata; masukkan dalam wadah tahan panas, lalu kukus hingga matang; sajikan dengan nasi;","Energi;180 kkal;Karbo;15,7 gr;Protein;14 gr;Lemak;8,7 gr;",satu resep menghasilkan 3 porsi; berikan secara bertahap dan sesuaikan dengan kebutuhan hariannya; untuk memenuhi kebutuhan dalam sehari perlu ditambahkan 1-2 kali selingan;,nasi_telur_daging_kukus.jpg,menu_nasi_telur_daging_kukus.jpg
Nasi Rendang Telur Tempe,24-59 Bulan,Buruk,"2,9; Bahan, Bahan Halus; 150 gram nasi; 2 butir telurayam rebus; 60 gram tempe, potong kecil; 300 ml santan cair; 1/2 ruas lengkuas; 2 lembar daun jeruk; 1 batang serai; 1/2 sdm gula; garam secukupnya; 2 siung bawang putih; 2 buah bawang merah; 1/2 ruasjahe; 1 butir kemiri;","rebus bumbu halus bersama dengan santan, lengkuas, daun jeruk, serai, gula, dan garam. Masak hingga santan mengental; masukkan telur rebus dan tempe, lalu masak dengan api kecil hingga santan mengering; sajikan dengan nasi;","Energi;300 kkal;Karbo;20,1 gr;Protein;12,2 gr;Lemak;25 gr;",satu resep menghasilkan 3 porsi; berikan secara bertahap dan sesuaikan dengan kebutuhan hariannya; untuk memenuhi kebutuhan dalam sehari perlu ditambahkan 1-2 kali selingan;,nasi_rendang_telur_tempe.png,menu_nasi_rendang_telur_tempe.png
Sate Ayam,24-59 Bulan,Buruk,"3,5,3; Bahan, Bahan Halus, Saus Kacang; 100 gram daging ayam fillet, potong dadu; 1 siung bawang putih, haluskan; jeruk nipis, dan merica secukupnya; kecap manis, dan margarin secukupnya; 2 siung bawang putih; 3 siung bawang merah; 1 butir kemiri sangrai; 60 gram kacang tanah goreng, tumbuk halus; 1 lembar daun jeruk, iris tipis; 1 1/2 sdm kecap manis; 1/2 sdm gula merah, serut halus; 1/2 sdt garam; 250 ml air; 2 sdm minyak kelapa, untuk menumis;","2,4; Cara Membuat Sate, Cara Membuat Saus Kacang; lumuri daging ayam denganjeruk nipis, bawang putih, dan merica. Diamkan selama 15 menit; tusukkan daging ayam ketusuk sate; oleskan daging ayam dengan saus kacang, margarin, dan kecap manis, lalu bakarhingga matang; sajikan dengan nasi dan saus kacang; tumis bumbu halus bersama daunjeruk hingga harum; masukkan kacangtanah tumbuk, lalu tambahkan gula merah, kecap manis, dan garam. Aduk sampai tercampur rata; tuangkan air dan masak hingga saus mengental;","Energi;260 kkal;Karbo;16,6 gr;Protein;12,2 gr;Lemak;21,1 gr;",satu resep menghasilkan 3 porsi; berikan secara bertahap dan sesuaikan dengan kebutuhan hariannya; untuk memenuhi kebutuhan dalam sehari perlu ditambahkan 1-2 kali selingan;,sate_ayam.png,menu_sate_ayam.png
Bubur Hati Ayam,6-8 Bulan,Obesitas,"60 gr nasi; 30 gr hati ayam cincang halus; 10 g bayam iris kecil; 7,5 ml minyak sayur; garam secukupnya; 1/2 siung bawang putih (bumbu halus); 1/2 siung bawang merah (bumbu halus); 1/2 ruas jahe (bumbu halus);","tumis bumbu halus hingga harum; tambahkan hati ayam, masak hingga berubah warna; masukkan bayam dan garam secukupnya, masak hingga matang; tambahkan nasi, lalu saring hingga teksturnya sesuai yang diinginkan;","Energi;67 kkal;Karbo;6 gr;Protein;3,1 gr;Lemak;3 gr;",satu resep menghasilkan 3 porsi; berikan secara bertahap dan sesuaikan dengan kebutuhan hariannya; untuk memenuhi kebutuhan dalam sehari perlu ditambahkan 1-2 kali selingan;,bubur_hati_ayam.png,menu_bubur_hati_ayam.png
Bubur Hati Ayam Santan,6-8 Bulan,Obesitas,"60 gram nasi; 30 gram hati ayam, cincang halus; 1  sdm wortel, parut; 50 ml santan cair; 7,5 ml minyak kelapa sawit, untuk menumis;  air secukupnya Garam secukupnya; 1/2 siung bawang putih (bumbu halus); 1/2 siung bawang merah (bumbu halus);","tumis bumbu halus hingga harum; masukkan wortel dan hati ayam, lalu tambahkan airsecukupnya; masak hingga matang dan air berkurang; masukkan santan dan garam secukupnya, aduk hingga merata; tambahkan nasi, lalu saring hingga teksturnya sesuai yang diinginkan;","Energi;75 kkal;Karbo;6,2 gr;Protein;3,3 gr;Lemak;4,2 gr;",satu resep menghasilkan 3 porsi; berikan secara bertahap dan sesuaikan dengan kebutuhan hariannya; untuk memenuhi kebutuhan dalam sehari perlu ditambahkan 1-2 kali selingan;,bubur_hati_ayam_santan.png,menu_bubur_hati_ayam_santan.png
Bubur Pepes Hati Ayam,6-8 Bulan,Lebih,"60 gram nasi; pepes Hati Ayam; 5 gram hati ayam, cincang halus; 1  sdm wortel, parut; 7,5 ml minyak kelapa; 10 gram tomat, potong kecil-kecil; 1  lembar daun jeruk; 1 lembar daun salam; kemangi secukupnya; 1/2 siung bawang putih (bumbu halus); 1/2 siung bawang merah (bumbu halus); 1/2 ruas jahe (bumbu halus); kunyit secukupnya (bumbu halus); lengkuas secukupnya (bumbu halus); serai secukupnya (bumbu halus); gula dan garam secukupnya (bumbu halus);","campurkan wortel, tomat, daun salam, daun jeruk, dan kemangi dengan bumbu halus. Aduk hingga rata; masukkan hati ayam dan minyak kelapa, lalu bungkus dengan daun pisang; kukus hingga matang; ketika akan dicampur dengan nasi, ambil daun salam, kemangi, dan daunjeruknya, lalu saring hingga teksturnya sesuai yang diinginkan;","Energi;73 kkal;Karbo;6,2 gr;Protein;4,3 gr;Lemak;3,2 gr;",satu resep menghasilkan 3 porsi; berikan secara bertahap dan sesuaikan dengan kebutuhan hariannya; untuk memenuhi kebutuhan dalam sehari perlu ditambahkan 1-2 kali selingan;,bubur_pepes_hati_ayam.png,menu_bubur_pepes_hati_ayam.png
Bubur Udang Tahu,6-8 Bulan,Lebih,"60 gram nasi;  45 gram udang giling; 30 ml santan cair; 20 gram tahu, potong kecil-kecil; 10 gram tomat, potong kecil-kecil; kemangi, Daun salam, dan Jeruk nipis secukupnya; garam secukupnya; 1 siung bawang merah (bumbu halus); 1/2 siung bawang putih (bumbu halus);  1 butir kemiri (bumbu halus); 1/2 cm jahe (bumbu halus); gula secukupnya (bumbu halus);","lumuri udang dengan air jeruk nipis dan garam, lalu diamkan sekitar 15 menit; campur udang, tahu, tomat, kemangi, santan cair, dan bumbu halus hingga merata; bungkus dengan daun pisang, masukkan juga daun salam; kukus hingga matang; ketika akan dicampur dengan nasi, ambil kemangi dan daun salamnya. Lalu saring hingga teksturnya sesuai yang diinginkan;","Energi;75 kkal;Karbo;6,1 gr;Protein;4,3 gr;Lemak;3,2 gr;",satu resep menghasilkan 3 porsi; berikan secara bertahap dan sesuaikan dengan kebutuhan hariannya; untuk memenuhi kebutuhan dalam sehari perlu ditambahkan 1-2 kali selingan;,bubur_udang_tahu.png,menu_bubur_udang_tahu.png
Bubur Udang Buncis,6-8 Bulan,Lebih,"2,5; Bahan, Bahan Halus; 60 gram nasi; 40 gram udang giling; 10 gram buncis, potong kecil-kecil; 7,5 ml minyak jagung, untuk menumis; jeruk nipis secukupnya; 1/2 siung bawang putih; 1/2 siung bawang merah; garam secukupnya;","lumuri udang dengan jeruk nipis dan garam, diamkan sekitar 15 menit; tumis bumbu halus hingga harum; masukkan udang dan buncis hingga matang; tambahkan nasi, lalu saring hingga teksturnya sesuai yang diinginkan;","Energi;67 kkal;Karbo;6 gr;Protein;3,2 gr;Lemak;2,5 gr;",satu resep menghasilkan 3 porsi; berikan secara bertahap dan sesuaikan dengan kebutuhan hariannya; untuk memenuhi kebutuhan dalam sehari perlu ditambahkan 1-2 kali selingan;,bubur_udang_buncis.png,menu_bubur_udang_buncis.png
Tim Tuna,9-11 Bulan,Lebih,"2,7; Bahan, Bahan Halus; 90 gram nasi; 90 gram ikan tuna, potong kecil-kecil; 1 1/2 sdm wortel parut; 1 tangkai daun bawang; 1 iris jahe; 5 ml minyak jagung, untuk menumis; garam dan Kecap secukupnya; 1 siung bawang putih; 1 siung bawang merah;","tumis bumbu halus hingga harum; masukkan ikan tuna, tambahkan sedikit air, lalu masukkan wortel, daun bawang, jahe, garam, dan kecap; masak hingga matang dan air berkurang sesuai selera. Masukkan ikan tuna dan nasi ke dalam wadah tahan panas, lalu kukus sekitar 20 menit;","Energi;110 kkal;Karbo;8,8 gr;Protein;8,7 gr;Lemak;5 gr;",satu resep menghasilkan 3 porsi; berikan secara bertahap dan sesuaikan dengan kebutuhan hariannya; untuk memenuhi kebutuhan dalam sehari perlu ditambahkan 1-2 kali selingan;,tim_tuna.png,menu_tim_tuna.png
Tim Soto Daging,9-11 Bulan,Lebih,"2,12; Bahan, Bahan Halus; 75 gram nasi, kukus hingga menjadi nasi tim; 50 gram daging sapi, potong kecil-kecil; 1/2 butir telur rebus;  1 batang serai; 1 batang daun bawang, potong kecil-kecil; 2 lembar daun jeruk; 1 sdt garam; 1/2 sdt gula; 300 ml air untuk merebus; 7,5ml minyak jagung, untuk menumis; 1 tomat besar, iris tipis; bawang goreng secukupnya; 3 siung bawang merah; 2 siung bawang putih; 1/2 kemiri ; 1/2 sdt ketumbar; kunyit dan Jahe secukupnya;","rebus daging sapi dengan api kecil hingga empuk; tumis bumbu halus, lalu masukkan serai dan daun jeruk hingga harum; masukkan bumbu yang sudah ditumis ke dalam panci berisi daging sapi; masukkan gula dan garam, biarkan mendidih; setelah matang, masukkan potongan tomat, daun bawang, dan taburan bawang goreng; sajikan dengan telur rebus dan nasi tim;","Energi;110 kkal;Karbo;7,5 gr;Protein;5,8 gr;Lemak;7 gr;",satu resep menghasilkan 3 porsi; berikan secara bertahap dan sesuaikan dengan kebutuhan hariannya; untuk memenuhi kebutuhan dalam sehari perlu ditambahkan 1-2 kali selingan;,tim_soto_daging.png,menu_tim_soto_daging.png
Kentang Dori Saus Keju,9-11 Bulan,Lebih,50 gram ikan dori; 150 gram kentang; 40 gram keju parut; tepung roti secukupnya; 40 ml susu UHT full cream; 50 ml air untuk merebus; 1 kuning telur; 2 sdm tepung maizena; keju parut secukupnya;,"2,3; Cara Membuat Saus Keju, Cara Membuat Kentang Dori; panaskan susu dengan api kecil, masukkan parutan keju, aduk sampai keju mencair dan susu mendidih; aduk maizena, kuning telur, dan air sampai tercampur rata; masukkan kedalam campuran susu dan keju sedikit demi sedikit sambil diaduk terus menggunakan api kecil. Angkat dari kompor; kukus kentang dan ikan dori secara terpisah, lalu haluskan; campur kentang, ikan dori, dan keju, lalu bentuk adonan menjadi bulatan; gulirkan ke tepung roti hingga permukaannya tertutup dengan rata, lalu goreng; sajikan dengan saus keju;","Energi;110 kkal;Karbo;11 gr;Protein;7,1 gr;Lemak;5,6 gr;",satu resep menghasilkan 3 porsi; berikan secara bertahap dan sesuaikan dengan kebutuhan hariannya; untuk memenuhi kebutuhan dalam sehari perlu ditambahkan 1-2 kali selingan;,kentang_dori_saus_keju.png,menu_kentang_dori_saus_keju.png
Tim Kuning Semur Hati Ayam,9-11 Bulan,Obesitas,"2,9; Bahan Nasi Tim Kuning, Bahan Semur Hati; 60gram beras; 200 ml air; 1 1/2 sdm wortel parut; 20 gram tempe, potong kecil-kecil; 1/2 sdt kunyit bubuk; 2 lembar daun salam; 1 siung bawang merah, geprek; 1 batang daun bawang, potong kecil-kecil; 1 batang seledri, potong kecil-kecil; 40 gram hati ayam, potong kecil-kecil; 1 siung bawang putih, haluskan; 1/2 tomat, haluskan; 1/4  sdt kunyit bubuk; 1 sdt kecap manis; 10 ml minyak jagung, untuk menumis; garam dan gula secukupnya;","2,3; Cara Membuat Nasi Kuning, Cara Membuat Semur Hati Ayam; rebus beras, tambahkan daun salam, bawang merah, daun bawang, dan seledri sampai setengah matang; masukkan wortel dan tempe, beri kunyit bubuk. Aduk rata; masukkan nasi ke dalam wadah tahan panas, lalu masak kembali sampai menjadi nasi tim; tumis bawang putih dan tomat sampai harum; masukkan kunyit bubuk, garam, dan gula secukupnya; masukkan hati ayam dan tambahkan sedikit air agar tidak terlalu kering. Terakhir bubuhi kecap manis. Masak hingga matang; angkat dan sajikan dengan nasi tim;","Energi;109 kkal;Karbo;11,5 gr;Protein;5,7 gr;Lemak;4,5 gr;",satu resep menghasilkan 3 porsi; berikan secara bertahap dan sesuaikan dengan kebutuhan hariannya; untuk memenuhi kebutuhan dalam sehari perlu ditambahkan 1-2 kali selingan;,tim_kuning_semur_hati_ayam.png,menu_tim_kuning_semur_hati_ayam.png
Tim Semur Sapi Tempe,9-11 Bulan,Obesitas,"2,8; Bahan, Bahan Halus; 75 gram nasi; 60 gram daging sapi, potong dadu kecil-kecil; 20 gram tempe, potong kecil-kecil; 7,5 cc minyak jagung; 20 gram tomat; 1/2 jeruk nipis; 1/4 sdt kecap manis; 1/4 sdt garam; 1 siung bawang merah; 1/2 siung bawang putih;","lumuri potongan dadu sapi dengan perasan jeruk nipis, diamkan selama 10 menit, lalu lumuri dengan bumbu halus; beri kecap manis, garam, dan irisan tomat; masukkan tempe, lalu turnis hingga matang; masukkan nasi ke dalam wadah tahan panas, tambahkan tumisan daging dan sedikit air serta minyak jagung, lalu kukus hingga menjadi nasi tim;","Energi;108 kkal;Karbo;8,9 gr;Protein;7,6 gr;Lemak;4,1 gr;",satu resep menghasilkan 3 porsi; berikan secara bertahap dan sesuaikan dengan kebutuhan hariannya; untuk memenuhi kebutuhan dalam sehari perlu ditambahkan 1-2 kali selingan;,tim_semur_sapi_tempe.png,menu_tim_semur_sapi_tempe.png
Nasi Ayam Katsu,12-23 Bulan,Lebih,200 gram nasi; 100 gram daging ayam fillet; 20 gram wortel; 20 gram buncis; 1/2  butir telur kocok;  1 jeruk nipis; tepung panir secukupnya; garam dan Merica secukupnya; minyak untuk menggoreng secukupnya;,"rebus wortel dan buncis dengan sedikit garam hingga matang; lumuri daging ayam dengan jeruk nipis, garam, dan merica; celupkan ayam kedalam telur, lalu gulingkan ke dalam tepung panir hingga seluruh permukaannya tertutup rata; goreng dengan minyak hingga matang; sajikan dengan wortel, buncis, dan nasi;","Energi;186 kkal;Karbo;20 gr;Protein;7,9 gr;Lemak;8,3 gr;",satu resep menghasilkan 3 porsi; berikan secara bertahap dan sesuaikan dengan kebutuhan hariannya; untuk memenuhi kebutuhan dalam sehari perlu ditambahkan 1-2 kali selingan;,nasi_ayam_katsu_lebih.png,menu_nasi_ayam_katsu_lebih.png
Nasi Gadon Daging,12-23 Bulan,Obesitas,"2,7; Bahan, Bahan Halus; 100 gram daging sapi giling; 60 ml santan cair; 1/2  butirtelur kocok; 1/2 sdt gula merah; 3 lembar daun jeruk; 3 lembar daun salam; garam secukupnya; 2 siung bawang merah; 1 siung bawang putih; 1 butir kemiri sangrai; ketumbar dan Merica secukupnya;","campur jadi satu daging giling, telur, santan, bumbu halus, garam, dan gula merah; bagi adonan menjadi 3 bagian; tambahkan daun jeruk dan daun salam dalam tiap adonan, lalu bungkus dengan daun pisang; kukus sekitar 45 menit hingga matang. Sajikan dengan nasi;","Energi;174 kkal;Karbo;9,9 gr;Protein;11,1 gr;Lemak;9,2 gr;",satu resep menghasilkan 3 porsi; berikan secara bertahap dan sesuaikan dengan kebutuhan hariannya; untuk memenuhi kebutuhan dalam sehari perlu ditambahkan 1-2 kali selingan;,nasi_gadon_daging.png,menu_nasi_gadon_daging.png
Nasi Cah Siram Sapi,12-23 Bulan,Obesitas,"2,5; Bahan, Bahan Halus; 100 gram daging sapi, potong kecil-kecil lalu rebus; 1/2 tomat ; 1/4 bawang bombai, iris; 1/2  sdt guia pasir; saus tiram secukupnya; kecap manis secukupnya; 1 siung bawang putih; 1 butir bawang merah; 1/4  ruas jahe;","tumis bumbu ulek hingga harum, lalu masukkan irisan bawang bombai, dan tambahkan air secukupnya; tambahkan bumbu pelengkap (saus tiram, kecap, gula); masukkan potongan daging sapi yang sudah direbus dan potongan tomat. Hidangkan dengan nasi;","Energi;176 kkal;Karbo;14,4 gr;Protein;9,5 gr;Lemak;8,5 gr;",satu resep menghasilkan 3 porsi; berikan secara bertahap dan sesuaikan dengan kebutuhan hariannya; untuk memenuhi kebutuhan dalam sehari perlu ditambahkan 1-2 kali selingan;,nasi_cah_siram_sapi.png,menu_nasi_cah_siram_sapi.png
Nasi Bebek Ungkep,12-23 Bulan,Lebih,"100 gram bebek muda, potong kecil; 1 sdm minyak; 1 sdm kecap manis; 1 sdm kecap asin; 1/2 sdm daun bawang, iris tipis; 1/2 sdm minyak wijen; 10 ml minyak jagung untuk menumis; 1/2  sdm irisan bawang putih; 1/2 sdt merica; garam secukupnya;","tumis bumbu halus hingga harum; masukkan bebek dan bumbu lainnya, serta 125 mI air; masak hingga daging bebek empuk. Sajikan bersama nasi;","Energi;193 kkal;Karbo;9,1 gr;Protein;7,4 gr;Lemak;14,2 gr;",satu resep menghasilkan 3 porsi; berikan secara bertahap dan sesuaikan dengan kebutuhan hariannya; untuk memenuhi kebutuhan dalam sehari perlu ditambahkan 1-2 kali selingan;,nasi_bebek_ungkep.png,menu_nasi_bebek_ungkep.png
Nasi Bebek Goreng Mentega,12-23 Bulan,Lebih,"100 gram daging bebek, potong kecil; 1/4 sdm jahe parut; 1/2 sdt garam; 150 gram nasi; 1/4  tomat; 1 sdm mentega; 1/2 sdm bawang putih halus; 1/4 bawang bombai potong dadu; 20 ml air; 1/2  sdt merica; 1/2 sdt kecap manis; 10 ml minyak kelapa, untuk menumis; kecap asin dan  Minyak wijen secukupnya;","presto/rebus bebek hingga empuk; baluri bebek dengan parutan jahe dan garam sekitar 10 15 menit; panaskan mentega, goreng bebek hingga matang. Angkat dan tiriskan; turnis cincangan halus bawang putih dan bawang bombai hingga harum; masukkan bebek, tomat, kecap manis, kecap asin, minyak wijen, dan air; masak hingga air agak kering. Sajikan dengan nasi;","Energi;200 kkal;Karbo;14,3 gr;Protein;7,8 gr;Lemak;13,3 gr;",satu resep menghasilkan 3 porsi; berikan secara bertahap dan sesuaikan dengan kebutuhan hariannya; untuk memenuhi kebutuhan dalam sehari perlu ditambahkan 1-2 kali selingan;,nasi_bebek_goreng_mentega.png,menu_nasi_bebek_goreng_mentega.png
Bola Nasi,24-59 Bulan,Obesitas,"2,8; Bahan, Bahan Halus; 75 gram nasi; 50 gram daging ayam giling; 1/2 tahu (20 gram), haluskan; 1 telur, kocok; 2 sdm tepung maizena; 1 1/2  sdm wortel parut; tepung roti secukupnya; minyak kedelai secukupnya, untuk menggoreng; 1 siung bawang putih; 1 siung bawang merah; 1 lembar daun bawang; garam secukupnya;","campurkan nasi, tahu, wortel, tepung maizena, daging ayam giling, bumbu halus, dan telur kocok; bentuk adonan menjadi bola, lalu kukus selama 15 menit hingga adonan matang; celupkan bola nasi ke dalam telur kocok, lalu gulirkan ke dalam tepung roti hingga semua permukaannya tertutup; goreng hingga berubah warna dan matang;","Energi;140 kkal;Karbo;11 gr;Protein;5,7 gr;Lemak;8,3 gr;",satu resep menghasilkan 3 porsi; berikan secara bertahap dan sesuaikan dengan kebutuhan hariannya; untuk memenuhi kebutuhan dalam sehari perlu ditambahkan 1-2 kali selingan;,bola_nasi.png,menu_bola_nasi.png
Tim Makaroni,24-59 Bulan,Obesitas,"2,7; Bahan, Bahan Halus; 50 gram makaroni (mentah), rebus hingga lunak; 60 gram daging ayam cincang; 30 gram brokoli,cincang halus; 1 sdm bawang bombai cincang; 50 ml susu sapi; 10 ml minyak canola, untuk menumis; keju parut dan Garam secukupnya; 1 siung bawang merah; 1 siung bawang putih;","tumis bawang bombai dengan bumbu halus hingga harum, masukkan daging ayam cincang dan garam secukupnya, aduk hingga berubah warna; masukkan brokoli, aduk merata hingga matang; masukkan makaroni dan tumisan daging ayam cincang brokoli ke dalam wadah tahan panas, tambahkan susu, lalu kukus hingga teksturnya sesuai yang diinginkan; sajikan dengan parutan keju;","Energi;140 kkal;Karbo;15 gr;Protein;5,7 gr;Lemak;5,8 gr;",satu resep menghasilkan 3 porsi; berikan secara bertahap dan sesuaikan dengan kebutuhan hariannya; untuk memenuhi kebutuhan dalam sehari perlu ditambahkan 1-2 kali selingan;,tim_makaroni.png,menu_tim_makaroni.png
Tumis Tahu Udang,24-59 Bulan,Lebih,"2,13; Bahan, Bahan Halus; 150 gram nasi; 75 gram udang; 200 gram tahu sutra, potong kecil; 2 buah jamur kuping, iris kecil; 1 butir telur ayam, kocok lepas; 1 1/2  sdm wortel parut; 1/2 sdm kecap ikan; 1 sdt minyak wijen; 1 batang daun bawang, potong kecil; 30 ml air; 1 sdm tepung maizena; 15 ml minyak kedelai, untuk menumis; garam secukupnya; 1/2  bawang bombai; 1 siung bawang putih;","tumis bumbu halus hingga harum, lalu masukkan udang hingga berubah warna; masukkan jamur kuping, kecap ikan, minyak wijen, garam, dan air, lalu masak hingga mendidih; masukkan tahu sutra, daun bawang, wortel, dan tepung maizena, lalu aduk hingga mengental; beri telur kocok sambil diaduk perlahan, masak hingga matang; sajikan dengan nasi;","Energi;200 kkal;Karbo;15,8 gr;Protein;14,1 gr;Lemak;9,6 gr;",satu resep menghasilkan 3 porsi; berikan secara bertahap dan sesuaikan dengan kebutuhan hariannya; untuk memenuhi kebutuhan dalam sehari perlu ditambahkan 1-2 kali selingan;,tumis_tahu_udang.png,menu_tumis_tahu_udang.png
Nasi Telur Campur,24-59 Bulan,Lebih,"2,8; Bahan, Bahan Halus; 200 gram nasi; 3 butir telur, kocok lepas;  1 batang daun bawang, iris tipis; 1/2 buah bawang bombai, cincang kasar; 15 gram wortel, cincang halus; 30 gram daging ayam giling, rebus matang; 3 sdm minyak jagung; merica dan Garam secukupnya; 2 siung bawang putih;  2 siung bawang merah;","campur telur dengan daun bawang, bawang bombai, wortel, daging ayam giling, garam, merica, dan bumbu halus. Aduk hingga tercampur rata; goreng dengan minyak jagung hingga matang; sajikan dengan nasi;","Energi;230 kkal;Karbo;18,8 gr;Protein;10,8 gr;Lemak;12,1 gr;",satu resep menghasilkan 3 porsi; berikan secara bertahap dan sesuaikan dengan kebutuhan hariannya; untuk memenuhi kebutuhan dalam sehari perlu ditambahkan 1-2 kali selingan;,nasi_telur_campur.png,menu_nasi_telur_campur.png
Mie Goreng Telur Puyuh,24-59 Bulan,Lebih,"2,9; Bahan, Bahan Halus; 300 gram mie telur, rebus hingga lunak; 10 butir telur puyuh rebus;  50 gram udang kupas; 1 batang caisim, iris; 1 1/2 sdm wortel potong kecil; 3 sdm kecap manis; 1 1/2 sdm kecap asin; 15 ml minyak jagung untuk menumis; saus tiram, garam, merica secukupnya;  3 siung bawang putih; 2 buah bawang merah;","tumis bumbu halus hingga harum, lalu masukkan udang, caisim, dan wortel; masukkan garam dan merica, jika terlalu kering boleh ditambahkan air; masukkan mie, dan tambahkan kecap asin, kecap manis, dan saus tiram; aduk hingga tercampur rata; sajikan dengan telur puyuh rebus;","Energi;240 kkal;Karbo;25,4 gr;Protein;12,2 gr;Lemak;10,1 gr;",satu resep menghasilkan 3 porsi; berikan secara bertahap dan sesuaikan dengan kebutuhan hariannya; untuk memenuhi kebutuhan dalam sehari perlu ditambahkan 1-2 kali selingan;,mie_goreng_telur_puyuh.png,menu_mie_goreng_telur_puyuh.png